fips_code,PSVI_score,PSVI_cluster
8089,0.03,Minor
56017,0.07,Minor
48295,0.1,Minor
31161,0.13,Minor
20129,0.16,Minor
35059,0.2,Minor
49055,0.23,Minor
30071,0.26,Minor
30001,0.3,Minor
19055,0.33,Minor
48413,0.36,Minor
8023,0.39,Minor
8027,0.43,Minor
41027,0.46,Minor
48129,0.49,Minor
31081,0.53,Minor
48211,0.56,Minor
30105,0.59,Minor
20041,0.62,Minor
30073,0.66,Minor
41023,0.69,Minor
30041,0.72,Minor
17169,0.76,Minor
35023,0.79,Minor
48197,0.82,Minor
46015,0.85,Minor
41015,0.89,Minor
30005,0.92,Minor
49031,0.95,Minor
56035,0.99,Minor
30039,1.02,Minor
30023,1.05,Minor
17045,1.08,Minor
19091,1.12,Minor
16065,1.15,Minor
17171,1.18,Minor
20051,1.22,Minor
46017,1.25,Minor
20169,1.28,Minor
29005,1.31,Minor
17059,1.35,Minor
40025,1.38,Minor
8105,1.41,Minor
30007,1.45,Minor
16045,1.48,Minor
47029,1.51,Minor
8075,1.54,Minor
30027,1.58,Minor
19089,1.61,Minor
29227,1.64,Minor
17027,1.68,Minor
48087,1.71,Minor
31069,1.74,Minor
47003,1.77,Minor
29115,1.81,Minor
28045,1.84,Minor
48075,1.87,Minor
48101,1.91,Minor
26131,1.94,Minor
51685,1.97,Minor
29041,2,Minor
19073,2.04,Minor
38097,2.07,Minor
49009,2.1,Minor
19137,2.14,Minor
20117,2.17,Minor
48447,2.2,Minor
48421,2.23,Minor
31045,2.27,Minor
35037,2.3,Minor
17009,2.33,Minor
31139,2.37,Minor
13047,2.4,Minor
47095,2.43,Minor
20195,2.46,Minor
30051,2.5,Minor
47175,2.53,Minor
31089,2.56,Minor
46005,2.6,Minor
20143,2.63,Minor
19175,2.66,Minor
19015,2.69,Minor
19195,2.73,Minor
35035,2.76,Minor
47153,2.79,Minor
1067,2.83,Minor
30017,2.86,Minor
8043,2.89,Minor
48169,2.92,Minor
49041,2.96,Minor
8073,2.99,Minor
53013,3.02,Minor
21109,3.06,Minor
30049,3.09,Minor
31185,3.12,Minor
35047,3.15,Minor
16075,3.19,Minor
30057,3.22,Minor
17173,3.25,Minor
51580,3.29,Minor
25007,3.32,Minor
5101,3.35,Minor
27023,3.38,Minor
17041,3.42,Minor
48153,3.45,Minor
17017,3.48,Minor
17069,3.52,Minor
29149,3.55,Minor
29011,3.58,Minor
16067,3.61,Minor
5105,3.65,Minor
19147,3.68,Minor
51079,3.71,Minor
51735,3.75,Minor
35029,3.78,Minor
8003,3.81,Minor
48079,3.84,Minor
31133,3.88,Minor
17061,3.91,Minor
41001,3.94,Minor
29025,3.98,Minor
48111,4.01,Minor
55043,4.04,Minor
8119,4.07,Minor
16053,4.11,Minor
19111,4.14,Minor
55023,4.17,Minor
19197,4.2,Minor
18101,4.24,Minor
8025,4.27,Minor
47159,4.3,Minor
29133,4.34,Minor
21083,4.37,Minor
51790,4.4,Minor
46129,4.43,Minor
46009,4.47,Minor
47007,4.5,Minor
13125,4.53,Minor
20159,4.57,Minor
21031,4.6,Minor
21123,4.63,Minor
13283,4.66,Minor
20109,4.7,Minor
48207,4.73,Minor
17181,4.76,Minor
20083,4.8,Minor
18139,4.83,Minor
50013,4.86,Minor
28131,4.89,Minor
55081,4.93,Minor
30037,4.96,Minor
47115,4.99,Minor
20203,5.03,Minor
56043,5.06,Minor
29197,5.09,Minor
55063,5.12,Minor
19007,5.16,Minor
51595,5.19,Minor
28069,5.22,Minor
21229,5.26,Minor
13019,5.29,Minor
48399,5.32,Minor
13177,5.35,Minor
29045,5.39,Minor
48191,5.42,Minor
17085,5.45,Minor
48031,5.49,Minor
30099,5.52,Minor
8015,5.55,Minor
48417,5.58,Minor
30015,5.62,Minor
21237,5.65,Minor
16081,5.68,Minor
19107,5.72,Minor
37005,5.75,Minor
48125,5.78,Minor
20007,5.81,Minor
16033,5.85,Minor
19173,5.88,Minor
46107,5.91,Minor
29167,5.95,Minor
16051,5.98,Minor
30089,6.01,Minor
47067,6.04,Minor
35003,6.08,Minor
47169,6.11,Minor
20161,6.14,Minor
56003,6.18,Minor
19129,6.21,Minor
8007,6.24,Minor
48109,6.27,Minor
9007,6.31,Minor
29057,6.34,Minor
49019,6.37,Minor
55007,6.41,Minor
40057,6.44,Minor
28103,6.47,Minor
26083,6.5,Minor
49015,6.54,Minor
48319,6.57,Minor
17155,6.6,Minor
8111,6.64,Minor
48263,6.67,Minor
29155,6.7,Minor
46023,6.73,Minor
56019,6.77,Minor
29203,6.8,Minor
19127,6.83,Minor
16005,6.87,Minor
13243,6.9,Minor
19011,6.93,Minor
46039,6.96,Minor
19077,7,Minor
28159,7.03,Minor
41035,7.06,Minor
21223,7.1,Minor
20199,7.13,Minor
17023,7.16,Minor
27131,7.19,Minor
29103,7.23,Minor
27027,7.26,Minor
17147,7.29,Minor
27121,7.33,Minor
17033,7.36,Minor
18147,7.39,Minor
48433,7.42,Minor
28099,7.46,Minor
13261,7.49,Minor
13229,7.52,Minor
19117,7.56,Minor
13005,7.59,Minor
13287,7.62,Minor
19159,7.65,Minor
38073,7.69,Minor
31177,7.72,Minor
38045,7.75,Minor
21055,7.79,Minor
21091,7.82,Minor
13161,7.85,Minor
16071,7.88,Minor
48193,7.92,Minor
46047,7.95,Minor
19095,7.98,Minor
13291,8.02,Minor
17151,8.05,Minor
46043,8.08,Minor
20027,8.11,Minor
47099,8.15,Minor
49001,8.18,Minor
19171,8.21,Minor
19099,8.25,Minor
48299,8.28,Minor
13071,8.31,Minor
40105,8.34,Minor
8081,8.38,Minor
29015,8.41,Minor
48179,8.44,Minor
1061,8.48,Minor
17175,8.51,Minor
48107,8.54,Minor
21061,8.57,Minor
20019,8.61,Minor
49023,8.64,Minor
20047,8.67,Minor
13025,8.71,Minor
35027,8.74,Minor
51570,8.77,Minor
21005,8.8,Minor
38093,8.84,Minor
46057,8.87,Minor
20207,8.9,Minor
29139,8.94,Minor
29211,8.97,Minor
8117,9,Minor
49007,9.03,Minor
36099,9.07,Minor
13027,9.1,Minor
46035,9.13,Minor
21155,9.17,Minor
19059,9.2,Minor
8057,9.23,Minor
21041,9.26,Minor
1099,9.3,Minor
13277,9.33,Minor
51181,9.36,Minor
45011,9.4,Minor
13185,9.43,Minor
29209,9.46,Minor
13167,9.49,Minor
19071,9.53,Minor
20111,9.56,Minor
48375,9.59,Minor
13037,9.63,Minor
19157,9.66,Minor
5005,9.69,Minor
46081,9.72,Minor
38031,9.76,Minor
17047,9.79,Minor
8097,9.82,Minor
48025,9.86,Minor
13257,9.89,Minor
13259,9.92,Minor
30097,9.95,Minor
30059,9.99,Minor
17191,10.02,Minor
49029,10.05,Minor
16041,10.09,Minor
47127,10.12,Minor
16057,10.15,Minor
20049,10.18,Minor
49027,10.22,Minor
55013,10.25,Minor
29043,10.28,Minor
38033,10.32,Minor
29179,10.35,Minor
8039,10.38,Minor
20079,10.41,Minor
19101,10.45,Minor
20009,10.48,Minor
41055,10.51,Minor
21087,10.55,Minor
29035,10.58,Minor
39117,10.61,Minor
48053,10.64,Minor
46069,10.68,Minor
48009,10.71,Minor
17021,10.74,Minor
13023,10.78,Minor
27059,10.81,Minor
5015,10.84,Minor
38037,10.87,Minor
46127,10.91,Minor
56009,10.94,Minor
48011,10.97,Minor
41037,11.01,Minor
29065,11.04,Minor
31165,11.07,Minor
27173,11.1,Minor
32015,11.14,Minor
20179,11.17,Minor
21197,11.2,Minor
27065,11.24,Minor
16063,11.27,Minor
38105,11.3,Minor
48359,11.33,Minor
20061,11.37,Minor
13189,11.4,Minor
51610,11.43,Minor
13269,11.47,Minor
36015,11.5,Minor
55049,11.53,Minor
46073,11.56,Minor
56021,11.6,Minor
29229,11.63,Minor
41045,11.66,Minor
13209,11.7,Minor
5123,11.73,Minor
30025,11.76,Minor
56007,11.79,Minor
37199,11.83,Minor
27141,11.86,Minor
41063,11.89,Minor
31017,11.93,Minor
55071,11.96,Minor
29147,11.99,Minor
13281,12.02,Minor
19009,12.06,Minor
20127,12.09,Minor
27073,12.12,Minor
21187,12.16,Minor
13235,12.19,Minor
37073,12.22,Minor
48065,12.25,Minor
46019,12.29,Minor
46083,12.32,Minor
47015,12.35,Minor
51159,12.39,Minor
16073,12.42,Minor
48035,12.45,Minor
49033,12.48,Minor
5127,12.52,Minor
1085,12.55,Minor
56041,12.58,Minor
48229,12.61,Minor
38069,12.65,Minor
17149,12.68,Minor
48267,12.71,Minor
48097,12.75,Minor
21099,12.78,Minor
29175,12.81,Minor
48327,12.84,Minor
30061,12.88,Minor
13149,12.91,Minor
21201,12.94,Minor
31159,12.98,Minor
48007,13.01,Minor
29009,13.04,Minor
41013,13.07,Minor
31145,13.11,Minor
31003,13.14,Minor
28039,13.17,Minor
1027,13.21,Minor
37117,13.24,Minor
48487,13.27,Minor
55009,13.3,Minor
31147,13.34,Minor
55011,13.37,Minor
16003,13.4,Minor
28041,13.44,Minor
21183,13.47,Minor
29185,13.5,Minor
20183,13.53,Minor
13239,13.57,Minor
21007,13.6,Minor
20197,13.63,Minor
13107,13.67,Minor
19045,13.7,Minor
16013,13.73,Minor
21167,13.76,Minor
17071,13.8,Minor
19131,13.83,Minor
30093,13.86,Minor
29069,13.9,Minor
16021,13.93,Minor
13279,13.96,Minor
21077,13.99,Minor
13049,14.03,Minor
28109,14.06,Minor
21105,14.09,Minor
48429,14.13,Minor
19069,14.16,Minor
32001,14.19,Minor
29217,14.22,Minor
40029,14.26,Minor
48483,14.29,Minor
19161,14.32,Minor
5037,14.36,Minor
45061,14.39,Minor
30021,14.42,Minor
21239,14.45,Minor
17083,14.49,Minor
42067,14.52,Minor
21219,14.55,Minor
17053,14.59,Minor
48345,14.62,Minor
55091,14.65,Minor
17025,14.68,Minor
37003,14.72,Minor
47059,14.75,Minor
19187,14.78,Minor
30045,14.82,Minor
29059,14.85,Minor
5087,14.88,Minor
17187,14.91,Minor
31083,14.95,Minor
26003,14.98,Minor
19035,15.01,Minor
32013,15.05,Minor
45065,15.08,Minor
45005,15.11,Minor
5075,15.14,Minor
29087,15.18,Minor
51113,15.21,Minor
13039,15.24,Minor
31119,15.28,Minor
27133,15.31,Minor
31009,15.34,Minor
47033,15.37,Minor
48093,15.41,Minor
19001,15.44,Minor
35057,15.47,Minor
13029,15.51,Minor
22041,15.54,Minor
34017,15.57,Minor
17065,15.6,Minor
45049,15.64,Minor
48189,15.67,Minor
17035,15.7,Minor
41025,15.74,Minor
29037,15.77,Minor
48195,15.8,Minor
38035,15.83,Minor
56037,15.87,Minor
17183,15.9,Minor
30003,15.93,Minor
46115,15.97,Minor
17001,16,Minor
17129,16.03,Minor
13237,16.06,Minor
19043,16.1,Minor
53071,16.13,Minor
40073,16.16,Minor
49047,16.2,Minor
2240,16.23,Minor
13273,16.26,Minor
29137,16.29,Minor
19189,16.33,Minor
16047,16.36,Minor
20155,16.39,Minor
55003,16.43,Minor
20021,16.46,Minor
26053,16.49,Minor
46097,16.52,Minor
30107,16.56,Minor
20063,16.59,Minor
51135,16.62,Minor
30077,16.66,Minor
48253,16.69,Minor
19141,16.72,Minor
26079,16.75,Minor
17051,16.79,Minor
47185,16.82,Minor
40011,16.85,Minor
21057,16.89,Minor
48023,16.92,Minor
13305,16.95,Minor
18129,16.98,Minor
4011,17.02,Minor
29017,17.05,Minor
51131,17.08,Minor
48271,17.12,Minor
16059,17.15,Minor
28075,17.18,Minor
13065,17.21,Minor
27095,17.25,Minor
37177,17.28,Minor
19093,17.31,Minor
39051,17.35,Minor
21011,17.38,Minor
12049,17.41,Minor
29093,17.44,Minor
30095,17.48,Minor
13119,17.51,Minor
48393,17.54,Minor
32007,17.58,Minor
47137,17.61,Minor
28019,17.64,Minor
28061,17.67,Minor
49037,17.71,Minor
13191,17.74,Minor
48163,17.77,Minor
48155,17.81,Minor
17067,17.84,Minor
51105,17.87,Minor
55065,17.9,Minor
37141,17.94,Minor
37189,17.97,Minor
20017,18,Minor
28023,18.04,Minor
17005,18.07,Minor
31115,18.1,Minor
19027,18.13,Minor
46102,18.17,Minor
17133,18.2,Minor
6049,18.23,Minor
21147,18.27,Minor
5137,18.3,Minor
27103,18.33,Minor
19053,18.36,Minor
13181,18.4,Minor
17107,18.43,Minor
13043,18.46,Minor
42093,18.5,Minor
51800,18.53,Minor
13009,18.56,Minor
17189,18.59,Minor
46111,18.63,Minor
17039,18.66,Minor
28059,18.69,Minor
28047,18.73,Minor
29013,18.76,Minor
55037,18.79,Minor
27091,18.82,Minor
19081,18.86,Minor
47119,18.89,Minor
13069,18.92,Minor
13201,18.96,Minor
13267,18.99,Minor
27039,19.02,Minor
40095,19.05,Minor
24029,19.09,Minor
40043,19.12,Minor
21001,19.15,Minor
38063,19.19,Minor
45009,19.22,Minor
55077,19.25,Minor
20005,19.28,Minor
48219,19.32,Minor
51139,19.35,Minor
1047,19.38,Minor
5089,19.42,Minor
46049,19.45,Minor
17121,19.48,Minor
41057,19.51,Minor
21213,19.55,Minor
27155,19.58,Minor
51137,19.61,Minor
29029,19.65,Minor
36011,19.68,Minor
37187,19.71,Minor
36095,19.74,Minor
21009,19.78,Minor
38027,19.81,Minor
21215,19.84,Minor
29121,19.88,Minor
48437,19.91,Minor
12043,19.94,Minor
40101,19.97,Minor
19083,20.01,Minor
16061,20.04,Minor
1053,20.07,Minor
27129,20.11,Minor
48477,20.14,Minor
29177,20.17,Minor
31043,20.2,Minor
30043,20.24,Minor
46055,20.27,Minor
46093,20.3,Minor
13145,20.34,Minor
40133,20.37,Minor
20073,20.4,Minor
35017,20.43,Minor
47061,20.47,Minor
48305,20.5,Minor
37053,20.53,Minor
53045,20.57,Minor
21221,20.6,Minor
20141,20.63,Minor
18007,20.66,Minor
19039,20.7,Minor
8109,20.73,Minor
20077,20.76,Minor
46029,20.8,Minor
21075,20.83,Minor
21203,20.86,Minor
8085,20.89,Minor
40061,20.93,Minor
45031,20.96,Minor
17139,20.99,Minor
17109,21.02,Minor
46135,21.06,Minor
40107,21.09,Minor
51670,21.12,Minor
21165,21.16,Minor
47139,21.19,Minor
13155,21.22,Minor
46067,21.25,Minor
19025,21.29,Minor
45033,21.32,Minor
13319,21.35,Minor
29205,21.39,Minor
1093,21.42,Minor
51101,21.45,Minor
19033,21.48,Minor
29061,21.52,Minor
46003,21.55,Minor
5061,21.58,Minor
26061,21.62,Minor
1075,21.65,Minor
55035,21.68,Minor
28101,21.71,Minor
40081,21.75,Minor
1057,21.78,Minor
21225,21.81,Minor
20171,21.85,Minor
21137,21.88,Minor
1007,21.91,Minor
47079,21.94,Minor
53059,21.98,Minor
24019,22.01,Minor
18021,22.04,Minor
19163,22.08,Minor
40141,22.11,Minor
13133,22.14,Minor
5023,22.17,Minor
53023,22.21,Minor
1021,22.24,Minor
16077,22.27,Minor
27107,22.31,Minor
5055,22.34,Minor
20035,22.37,Minor
41021,22.4,Minor
16007,22.44,Minor
48341,22.47,Minor
46013,22.5,Minor
31103,22.54,Minor
31067,22.57,Minor
56033,22.6,Minor
1103,22.63,Minor
17125,22.67,Minor
18027,22.7,Minor
1105,22.73,Minor
18041,22.77,Minor
29079,22.8,Minor
19183,22.83,Minor
48175,22.86,Minor
19145,22.9,Minor
48445,22.93,Minor
28097,22.96,Minor
21023,23,Minor
33019,23.03,Minor
38089,23.06,Minor
48317,23.09,Minor
48019,23.13,Minor
21217,23.16,Minor
29127,23.19,Minor
27101,23.23,Minor
18005,23.26,Minor
26071,23.29,Minor
29003,23.32,Minor
31101,23.36,Minor
1071,23.39,Minor
29171,23.42,Minor
45001,23.46,Minor
29223,23.49,Minor
29153,23.52,Minor
41061,23.55,Minor
27109,23.59,Minor
49017,23.62,Minor
48045,23.65,Minor
55135,23.69,Minor
48283,23.72,Minor
47041,23.75,Minor
37197,23.78,Minor
24041,23.82,Minor
26043,23.85,Minor
51730,23.88,Minor
16031,23.92,Minor
35053,23.95,Minor
13105,23.98,Minor
21021,24.01,Minor
48265,24.05,Minor
38059,24.08,Minor
47049,24.11,Minor
29083,24.15,Minor
13299,24.18,Minor
13249,24.21,Minor
8047,24.24,Minor
18061,24.28,Minor
40151,24.31,Minor
13163,24.34,Minor
40033,24.38,Minor
42109,24.41,Minor
21101,24.44,Minor
40139,24.47,Minor
48127,24.51,Minor
18149,24.54,Minor
12079,24.57,Minor
20123,24.61,Minor
51011,24.64,Minor
19031,24.67,Minor
45081,24.7,Minor
31151,24.74,Minor
48465,24.77,Minor
48369,24.8,Minor
48357,24.84,Minor
39107,24.87,Minor
47035,24.9,Minor
12125,24.93,Minor
55051,24.97,Minor
20013,25,Minor
29051,25.03,Minor
21173,25.07,Minor
48171,25.1,Minor
24037,25.13,Minor
16039,25.16,Minor
28111,25.2,Minor
19191,25.23,Minor
18037,25.26,Minor
41049,25.3,Minor
29001,25.33,Minor
46109,25.36,Minor
48233,25.39,Minor
37153,25.43,Minor
27079,25.46,Minor
21085,25.49,Minor
6015,25.53,Minor
55001,25.56,Minor
40115,25.59,Minor
47129,25.62,Minor
49025,25.66,Minor
19029,25.69,Minor
21045,25.72,Minor
55097,25.76,Minor
13003,25.79,Minor
47133,25.82,Minor
28065,25.85,Minor
21097,25.89,Minor
24035,25.92,Minor
55045,25.95,Minor
21177,25.99,Minor
1121,26.02,Minor
5081,26.05,Minor
17079,26.08,Minor
56045,26.12,Minor
42087,26.15,Minor
13253,26.18,Minor
48501,26.22,Minor
28125,26.25,Minor
8029,26.28,Minor
8083,26.31,Minor
8087,26.35,Minor
20185,26.38,Minor
27125,26.41,Minor
38011,26.45,Minor
13087,26.48,Minor
1045,26.51,Minor
38015,26.54,Minor
13165,26.58,Minor
36037,26.61,Minor
47017,26.64,Minor
29105,26.68,Minor
51175,26.71,Minor
13199,26.74,Minor
31085,26.77,Minor
29073,26.81,Minor
18161,26.84,Minor
27139,26.87,Minor
13035,26.91,Minor
38007,26.94,Minor
13001,26.97,Minor
48503,27,Minor
13103,27.04,Minor
31099,27.07,Minor
36123,27.1,Minor
53017,27.14,Minor
51147,27.17,Minor
30081,27.2,Minor
51033,27.23,Minor
48411,27.27,Minor
19063,27.3,Minor
1041,27.33,Minor
48337,27.37,Minor
16009,27.4,Minor
27115,27.43,Minor
47109,27.46,Minor
29215,27.5,Minor
2261,27.53,Minor
19065,27.56,Minor
18165,27.6,Minor
21081,27.63,Minor
40067,27.66,Minor
41011,27.69,Minor
29091,27.73,Minor
31049,27.76,Minor
29085,27.79,Minor
13301,27.83,Minor
49013,27.86,Minor
17075,27.89,Minor
19105,27.92,Minor
19041,27.96,Minor
18049,27.99,Minor
48115,28.02,Minor
12055,28.06,Minor
51109,28.09,Minor
18183,28.12,Minor
13247,28.15,Minor
48223,28.19,Minor
29151,28.22,Minor
12027,28.25,Minor
28139,28.29,Minor
28091,28.32,Minor
29173,28.35,Minor
27009,28.38,Minor
5111,28.42,Minor
47117,28.45,Minor
37055,28.48,Minor
45043,28.52,Minor
30033,28.55,Minor
19133,28.58,Minor
31079,28.61,Minor
31011,28.65,Minor
48239,28.68,Minor
19169,28.71,Minor
1133,28.75,Minor
12003,28.78,Minor
28105,28.81,Minor
27013,28.84,Minor
16019,28.88,Minor
51057,28.91,Minor
8065,28.94,Minor
20201,28.98,Minor
17203,29.01,Minor
48055,29.04,Minor
5073,29.07,Minor
13225,29.11,Minor
21179,29.14,Minor
56039,29.17,Minor
13143,29.2,Minor
20181,29.24,Minor
21149,29.27,Minor
32027,29.3,Minor
20037,29.34,Minor
48149,29.37,Minor
55031,29.4,Minor
31027,29.43,Minor
19097,29.47,Minor
20175,29.5,Minor
55109,29.53,Minor
18115,29.57,Minor
8067,29.6,Minor
26119,29.63,Minor
46117,29.66,Minor
4009,29.7,Minor
29019,29.73,Minor
31031,29.76,Minor
21141,29.8,Minor
29181,29.83,Minor
18025,29.86,Minor
18011,29.89,Minor
21139,29.93,Minor
8115,29.96,Minor
40027,29.99,Minor
40007,30.03,Minor
1083,30.06,Minor
21017,30.09,Minor
2290,30.12,Minor
51640,30.16,Minor
46061,30.19,Minor
32021,30.22,Minor
13183,30.26,Minor
47025,30.29,Minor
19013,30.32,Minor
31063,30.35,Minor
38075,30.39,Minor
29109,30.42,Minor
20165,30.45,Minor
45041,30.49,Minor
24011,30.52,Minor
19135,30.55,Minor
5135,30.58,Minor
12007,30.62,Minor
13193,30.65,Minor
17135,30.68,Minor
48435,30.72,Minor
21113,30.75,Minor
13079,30.78,Minor
17123,30.81,Minor
47101,30.85,Minor
21043,30.88,Minor
19109,30.91,Minor
29135,30.95,Minor
41007,30.98,Minor
35015,31.01,Minor
31163,31.04,Minor
56025,31.08,Minor
48259,31.11,Minor
19067,31.14,Minor
31127,31.18,Minor
22121,31.21,Minor
51017,31.24,Minor
54037,31.27,Minor
37185,31.31,Minor
31137,31.34,Minor
21145,31.37,Minor
40003,31.41,Minor
47161,31.44,Minor
16023,31.47,Minor
20125,31.5,Minor
21129,31.54,Minor
48133,31.57,Minor
17087,31.6,Minor
5065,31.64,Minor
55078,31.67,Minor
55061,31.7,Minor
29027,31.73,Minor
37041,31.77,Minor
20003,31.8,Minor
55137,31.83,Minor
48249,31.87,Minor
16085,31.9,Minor
31041,31.93,Minor
29157,31.96,Minor
21207,32,Minor
31179,32.03,Minor
51630,32.06,Minor
31167,32.1,Minor
18001,32.13,Minor
48495,32.16,Minor
27049,32.19,Minor
42119,32.23,Minor
40129,32.26,Minor
21233,32.29,Minor
21157,32.33,Minor
40135,32.36,Minor
1111,32.39,Minor
31035,32.42,Minor
28147,32.46,Minor
55069,32.49,Minor
20031,32.52,Minor
17029,32.56,Minor
47045,32.59,Minor
21053,32.62,Minor
31111,32.65,Minor
22101,32.69,Minor
48331,32.72,Minor
21171,32.75,Minor
48099,32.79,Minor
8017,32.82,Minor
1123,32.85,Minor
19079,32.88,Minor
18031,32.92,Minor
40039,32.95,Minor
51840,32.98,Minor
55019,33.02,Minor
55129,33.05,Minor
48021,33.08,Minor
48221,33.11,Minor
12059,33.15,Minor
13169,33.18,Minor
21143,33.21,Minor
29007,33.25,Minor
38061,33.28,Minor
20099,33.31,Minor
5141,33.34,Minor
19139,33.38,Minor
20147,33.41,Minor
21033,33.44,Minor
18153,33.48,Minor
26141,33.51,Minor
19003,33.54,Minor
48241,33.57,Minor
26009,33.61,Minor
13159,33.64,Minor
47021,33.67,Minor
16079,33.71,Minor
27117,33.74,Minor
26019,33.77,Minor
1119,33.8,Minor
40111,33.84,Minor
21169,33.87,Minor
45067,33.9,Minor
28043,33.94,Minor
31061,33.97,Minor
28053,34,Minor
47143,34.03,Minor
1049,34.07,Minor
20145,34.1,Minor
41053,34.13,Minor
37103,34.17,Minor
18083,34.2,Minor
46007,34.23,Minor
31095,34.26,Minor
53043,34.3,Minor
19167,34.33,Minor
12077,34.36,Minor
40137,34.4,Minor
13053,34.43,Minor
17137,34.46,Minor
38003,34.49,Minor
13081,34.53,Minor
17145,34.56,Minor
13011,34.59,Minor
28011,34.63,Minor
37047,34.66,Minor
47173,34.69,Minor
48405,34.72,Minor
31073,34.76,Minor
32023,34.79,Minor
48041,34.82,Minor
48489,34.86,Minor
39159,34.89,Minor
46085,34.92,Minor
46077,34.95,Minor
48217,34.99,Minor
1011,35.02,Minor
19149,35.05,Minor
21107,35.09,Minor
40075,35.12,Minor
47013,35.15,Minor
19075,35.18,Minor
48385,35.22,Minor
13217,35.25,Minor
19103,35.28,Minor
19151,35.32,Minor
27157,35.35,Minor
29033,35.38,Minor
21049,35.41,Minor
48321,35.45,Minor
5077,35.48,Minor
27161,35.51,Minor
53055,35.55,Minor
30009,35.58,Minor
31169,35.61,Minor
21231,35.64,Minor
46075,35.68,Minor
5085,35.71,Minor
21121,35.74,Minor
48151,35.78,Minor
53039,35.81,Minor
40035,35.84,Minor
46101,35.87,Minor
21029,35.91,Minor
29117,35.94,Minor
46021,35.97,Minor
51157,36.01,Minor
13061,36.04,Minor
21125,36.07,Minor
21079,36.1,Minor
19085,36.14,Minor
1025,36.17,Minor
32005,36.2,Minor
29021,36.24,Minor
27145,36.27,Minor
20131,36.3,Minor
40071,36.33,Minor
39149,36.37,Minor
37163,36.4,Minor
38009,36.43,Minor
27159,36.47,Minor
4005,36.5,Minor
40087,36.53,Minor
31037,36.56,Minor
5041,36.6,Minor
17131,36.63,Minor
19179,36.66,Minor
40049,36.7,Minor
48505,36.73,Minor
28123,36.76,Minor
35009,36.79,Minor
12045,36.83,Minor
51103,36.86,Minor
1107,36.89,Minor
29213,36.93,Minor
17057,36.96,Minor
55107,36.99,Minor
22001,37.02,Minor
40009,37.06,Minor
56001,37.09,Minor
17193,37.12,Minor
16069,37.16,Minor
19125,37.19,Minor
4015,37.22,Minor
55015,37.25,Minor
48425,37.29,Minor
48057,37.32,Minor
51043,37.35,Minor
47077,37.39,Minor
37009,37.42,Minor
19021,37.45,Minor
51127,37.48,Minor
13271,37.52,Minor
48275,37.55,Minor
36117,37.58,Minor
55067,37.61,Minor
55099,37.65,Minor
48463,37.68,Minor
39101,37.71,Minor
56011,37.75,Minor
27051,37.78,Minor
1039,37.81,Minor
47065,37.84,Minor
29199,37.88,Minor
1029,37.91,Minor
47043,37.94,Minor
24047,37.98,Minor
29075,38.01,Minor
48063,38.04,Minor
37121,38.07,Minor
37149,38.11,Minor
38001,38.14,Minor
5083,38.17,Minor
55093,38.21,Minor
22039,38.24,Minor
46037,38.27,Minor
37145,38.3,Minor
48353,38.34,Minor
12041,38.37,Minor
13117,38.4,Minor
48281,38.44,Minor
39161,38.47,Minor
29023,38.5,Minor
26041,38.53,Minor
17177,38.57,Minor
29039,38.6,Minor
29207,38.63,Minor
13265,38.67,Minor
18133,38.7,Minor
18159,38.73,Minor
12029,38.76,Minor
12051,38.8,Minor
45053,38.83,Minor
39123,38.86,Minor
29049,38.9,Minor
53015,38.93,Minor
37029,38.96,Minor
31019,38.99,Minor
31109,39.03,Minor
16011,39.06,Minor
29125,39.09,Minor
13207,39.13,Minor
47055,39.16,Minor
39039,39.19,Minor
48165,39.22,Minor
29201,39.26,Minor
16087,39.29,Minor
41033,39.32,Minor
39175,39.36,Minor
55119,39.39,Minor
32510,39.42,Minor
31047,39.45,Minor
20075,39.49,Minor
53005,39.52,Minor
19005,39.55,Minor
21051,39.59,Minor
30031,39.62,Minor
13091,39.65,Minor
46065,39.68,Minor
56013,39.72,Minor
29089,39.75,Minor
18111,39.78,Minor
16043,39.82,Minor
47121,39.85,Minor
29131,39.88,Minor
50019,39.91,Minor
21163,39.95,Minor
1017,39.98,Minor
17199,40.01,Minor
39125,40.05,Minor
22067,40.08,Minor
13195,40.11,Minor
28095,40.14,Minor
24009,40.18,Minor
24039,40.21,Minor
31097,40.24,Minor
47023,40.28,Minor
8009,40.31,Minor
31059,40.34,Minor
46087,40.37,Minor
36109,40.41,Minor
13171,40.44,Minor
12113,40.47,Minor
13109,40.51,Minor
47141,40.54,Minor
29195,40.57,Minor
47151,40.6,Minor
21065,40.64,Minor
18017,40.67,Minor
22053,40.7,Minor
17165,40.74,Minor
37091,40.77,Minor
48387,40.8,Minor
1035,40.83,Minor
31093,40.87,Minor
55103,40.9,Minor
19185,40.93,Minor
48443,40.97,Minor
8077,41,Minor
26031,41.03,Minor
13255,41.06,Minor
49039,41.1,Minor
37061,41.13,Minor
46025,41.16,Minor
19057,41.2,Minor
24045,41.23,Minor
13127,41.26,Minor
13219,41.29,Minor
22113,41.33,Minor
21191,41.36,Minor
21181,41.39,Minor
28073,41.43,Minor
40047,41.46,Minor
30085,41.49,Minor
1131,41.52,Minor
12123,41.56,Minor
8014,41.59,Minor
18169,41.62,Minor
21227,41.66,Minor
35039,41.69,Minor
13137,41.72,Minor
55047,41.75,Minor
8021,41.79,Minor
22021,41.82,Minor
18029,41.85,Minor
28155,41.89,Minor
39137,41.92,Minor
48059,41.95,Minor
21035,41.98,Minor
38071,42.02,Minor
16029,42.05,Minor
8103,42.08,Minor
19037,42.12,Minor
27057,42.15,Minor
40145,42.18,Minor
26153,42.21,Minor
46079,42.25,Minor
35049,42.28,Minor
8107,42.31,Minor
1001,42.35,Minor
47081,42.38,Minor
40085,42.41,Minor
1109,42.44,Minor
46033,42.48,Minor
55121,42.51,Minor
47047,42.54,Minor
42023,42.58,Minor
27113,42.61,Minor
12067,42.64,Minor
30063,42.67,Minor
13313,42.71,Minor
37017,42.74,Minor
47097,42.77,Minor
13129,42.81,Minor
1063,42.84,Minor
48105,42.87,Minor
48237,42.9,Minor
40077,42.94,Minor
27093,42.97,Minor
27005,43,Minor
27143,43.04,Minor
40005,43.07,Minor
49045,43.1,Minor
21039,43.13,Minor
40023,43.17,Minor
31157,43.2,Minor
31149,43.23,Minor
1079,43.27,Minor
19123,43.3,Minor
1065,43.33,Minor
19193,43.36,Minor
21019,43.4,Minor
47183,43.43,Minor
55021,43.46,Minor
13147,43.5,Minor
27127,43.53,Minor
44001,43.56,Minor
6093,43.59,Minor
1005,43.63,Minor
21027,43.66,Minor
40063,43.69,Minor
20149,43.73,Minor
27069,43.76,Minor
48247,43.79,Minor
20015,43.82,Minor
37193,43.86,Minor
1031,43.89,Minor
47087,43.92,Minor
19121,43.96,Minor
19119,43.99,Minor
29141,44.02,Minor
21003,44.05,Minor
47167,44.09,Minor
13017,44.12,Minor
12133,44.15,Minor
47053,44.19,Minor
1013,44.22,Minor
19047,44.25,Minor
51133,44.28,Minor
40119,44.32,Minor
18125,44.35,Minor
16025,44.38,Minor
51540,44.42,Minor
38019,44.45,Minor
55087,44.48,Minor
13197,44.51,Minor
5001,44.55,Minor
13093,44.58,Minor
48013,44.61,Minor
12037,44.65,Minor
37043,44.68,Minor
48003,44.71,Minor
48095,44.74,Minor
19087,44.78,Minor
8091,44.81,Minor
27167,44.84,Minor
41041,44.88,Minor
41031,44.91,Minor
46051,44.94,Minor
26105,44.97,Minor
17157,45.01,Minor
27169,45.04,Minor
21151,45.07,Minor
20139,45.11,Minor
38085,45.14,Minor
13231,45.17,Minor
38103,45.2,Minor
48069,45.24,Minor
32011,45.27,Minor
31173,45.3,Minor
48119,45.34,Minor
51093,45.37,Minor
6069,45.4,Minor
1059,45.43,Minor
27153,45.47,Minor
28035,45.5,Minor
47111,45.53,Minor
30111,45.57,Minor
40053,45.6,Minor
19049,45.63,Minor
13295,45.66,Minor
48323,45.7,Minor
38055,45.73,Minor
55039,45.76,Minor
36077,45.8,Minor
22059,45.83,Minor
30065,45.86,Minor
53001,45.89,Minor
54065,45.93,Minor
5147,45.96,Minor
20045,45.99,Minor
21115,46.02,Minor
27047,46.06,Minor
27105,46.09,Minor
29067,46.12,Minor
20193,46.16,Minor
12121,46.19,Minor
12063,46.22,Minor
1009,46.25,Minor
38081,46.29,Minor
18069,46.32,Minor
8063,46.35,Minor
4003,46.39,Minor
18123,46.42,Minor
55117,46.45,Minor
53003,46.48,Minor
40091,46.52,Minor
48315,46.55,Minor
40103,46.58,Minor
48297,46.62,Minor
26007,46.65,Minor
13233,46.68,Minor
27081,46.71,Minor
45035,46.75,Minor
39083,46.78,Minor
13179,46.81,Minor
29161,46.85,Minor
48161,46.88,Minor
55041,46.91,Minor
19181,46.94,Minor
8051,46.98,Minor
5019,47.01,Minor
20089,47.04,Minor
48441,47.08,Minor
1113,47.11,Minor
12119,47.14,Minor
28135,47.17,Minor
5071,47.21,Minor
24017,47.24,Minor
40045,47.27,Minor
45025,47.31,Minor
38049,47.34,Minor
48277,47.37,Minor
20105,47.4,Minor
48147,47.44,Minor
40147,47.47,Minor
29169,47.5,Minor
12093,47.54,Minor
45017,47.57,Minor
19165,47.6,Minor
37143,47.63,Minor
17115,47.67,Minor
37137,47.7,Minor
21093,47.73,Minor
46103,47.77,Minor
13175,47.8,Minor
12047,47.83,Minor
48117,47.86,Minor
35061,47.9,Minor
38023,47.93,Minor
37191,47.96,Minor
48273,48,Minor
20107,48.03,Minor
39091,48.06,Minor
51073,48.09,Minor
28129,48.13,Minor
18175,48.16,Minor
55095,48.19,Minor
29123,48.23,Minor
28153,48.26,Minor
47069,48.29,Minor
19061,48.32,Minor
53041,48.36,Minor
17161,48.39,Minor
47031,48.42,Minor
48285,48.46,Minor
48333,48.49,Minor
54093,48.52,Minor
12075,48.55,Minor
4001,48.59,Minor
18009,48.62,Minor
51065,48.65,Minor
51193,48.69,Minor
20103,48.72,Minor
18055,48.75,Minor
51145,48.78,Minor
56015,48.82,Minor
1023,48.85,Minor
53007,48.88,Minor
13085,48.92,Minor
45029,48.95,Minor
55017,48.98,Minor
55029,49.01,Minor
29187,49.05,Minor
39005,49.08,Minor
13307,49.11,Minor
29186,49.15,Minor
47075,49.18,Minor
18067,49.21,Minor
26113,49.24,Minor
21175,49.28,Minor
35031,49.31,Minor
40083,49.34,Minor
18131,49.38,Minor
13221,49.41,Minor
17093,49.44,Minor
29101,49.47,Minor
35005,49.51,Minor
40123,49.54,Minor
51053,49.57,Minor
55115,49.61,Minor
13015,49.64,Minor
30013,49.67,Minor
28127,49.7,Minor
29163,49.74,Minor
5049,49.77,Minor
13113,49.8,Minor
5011,49.84,Minor
28007,49.87,Minor
18151,49.9,Minor
36069,49.93,Minor
48159,49.97,Minor
5063,50,Minor
35045,50.03,Minor
18167,50.07,Minor
26095,50.1,Minor
21059,50.13,Minor
6101,50.16,Minor
13211,50.2,Minor
1051,50.23,Minor
27075,50.26,Minor
20043,50.3,Minor
21211,50.33,Minor
16037,50.36,Minor
46011,50.39,Minor
18075,50.43,Minor
54023,50.46,Minor
17081,50.49,Minor
35025,50.53,Minor
19019,50.56,Minor
27083,50.59,Minor
26097,50.62,Minor
6099,50.66,Minor
13289,50.69,Minor
28087,50.72,Minor
6011,50.76,Minor
51199,50.79,Minor
40069,50.82,Minor
48307,50.85,Minor
18145,50.89,Minor
36045,50.92,Minor
41019,50.95,Minor
47051,50.99,Minor
28093,51.02,Minor
40131,51.05,Minor
26033,51.08,Minor
28025,51.12,Minor
13303,51.15,Minor
19051,51.18,Minor
27067,51.22,Minor
36073,51.25,Minor
54057,51.28,Minor
22093,51.31,Minor
18181,51.35,Minor
21235,51.38,Minor
51830,51.41,Minor
40019,51.45,Minor
51091,51.48,Minor
47107,51.51,Minor
55027,51.54,Minor
48177,51.58,Minor
17195,51.61,Minor
51015,51.64,Minor
49021,51.68,Minor
36107,51.71,Minor
13131,51.74,Minor
26085,51.77,Minor
48499,51.81,Minor
19115,51.84,Minor
20071,51.87,Minor
51029,51.91,Minor
39077,51.94,Minor
28161,51.97,Minor
28077,52,Minor
1091,52.04,Minor
5145,52.07,Minor
13311,52.1,Minor
5107,52.14,Minor
51117,52.17,Minor
47189,52.2,Minor
51099,52.23,Minor
37033,52.27,Minor
20011,52.3,Minor
17007,52.33,Minor
12129,52.37,Minor
28079,52.4,Minor
13101,52.43,Minor
37165,52.46,Minor
13309,52.5,Minor
22099,52.53,Minor
37059,52.56,Minor
28137,52.6,Minor
13083,52.63,Minor
42075,52.66,Minor
13317,52.69,Minor
17003,52.73,Minor
13275,52.76,Minor
1087,52.79,Minor
18179,52.83,Minor
40089,52.86,Minor
26091,52.89,Minor
31007,52.92,Minor
39003,52.96,Minor
49003,52.99,Minor
47131,53.02,Minor
28031,53.06,Minor
37093,53.09,Minor
37139,53.12,Minor
45069,53.15,Minor
13031,53.19,Minor
17105,53.22,Minor
51179,53.25,Minor
48335,53.29,Minor
37105,53.32,Minor
12131,53.35,Minor
31065,53.38,Minor
29111,53.42,Minor
32019,53.45,Minor
18099,53.48,Minor
13111,53.52,Minor
47089,53.55,Minor
48507,53.58,Minor
4023,53.61,Minor
38043,53.65,Minor
48255,53.68,Minor
45085,53.71,Minor
8101,53.75,Minor
39075,53.78,Minor
27171,53.81,Minor
27033,53.84,Minor
27019,53.88,Minor
36009,53.91,Minor
55005,53.94,Minor
31155,53.98,Minor
30091,54.01,Minor
13297,54.04,Minor
18107,54.07,Minor
45021,54.11,Minor
29107,54.14,Minor
51119,54.17,Minor
33005,54.2,Minor
36017,54.24,Minor
22087,54.27,Minor
32029,54.3,Minor
47105,54.34,Minor
16027,54.37,Minor
26109,54.4,Minor
51025,54.43,Minor
39027,54.47,Minor
48497,54.5,Minor
50011,54.53,Minor
48049,54.57,Minor
48287,54.6,Minor
38101,54.63,Minor
21199,54.66,Minor
38057,54.7,Minor
5113,54.73,Minor
48123,54.76,Minor
50005,54.8,Minor
18065,54.83,Minor
13293,54.86,Minor
17099,54.89,Minor
8049,54.93,Minor
29063,54.96,Minor
40021,54.99,Minor
12039,55.03,Minor
48081,55.06,Minor
51149,55.09,Minor
17127,55.12,Minor
13157,55.16,Minor
20135,55.19,Moderate
48143,55.22,Moderate
78010,55.26,Moderate
30067,55.29,Moderate
13321,55.32,Moderate
54071,55.35,Moderate
48409,55.39,Moderate
48077,55.42,Moderate
48225,55.45,Moderate
51049,55.49,Moderate
40051,55.52,Moderate
53051,55.55,Moderate
37083,55.58,Moderate
39021,55.62,Moderate
38029,55.65,Moderate
18155,55.68,Moderate
20001,55.72,Moderate
17073,55.75,Moderate
16017,55.78,Moderate
56005,55.81,Moderate
37181,55.85,Moderate
39097,55.88,Moderate
22045,55.91,Moderate
36051,55.95,Moderate
48091,55.98,Moderate
20055,56.01,Moderate
51001,56.04,Moderate
13227,56.08,Moderate
13033,56.11,Moderate
29113,56.14,Moderate
30087,56.18,Moderate
16083,56.21,Moderate
42007,56.24,Moderate
35051,56.27,Moderate
27063,56.31,Moderate
6027,56.34,Moderate
22117,56.37,Moderate
45037,56.41,Moderate
18045,56.44,Moderate
22065,56.47,Moderate
5047,56.5,Moderate
5059,56.54,Moderate
17117,56.57,Moderate
5043,56.6,Moderate
40065,56.64,Moderate
5021,56.67,Moderate
53025,56.7,Moderate
48363,56.73,Moderate
27003,56.77,Moderate
38051,56.8,Moderate
18071,56.83,Moderate
36121,56.87,Moderate
25019,56.9,Moderate
40149,56.93,Moderate
55033,56.96,Moderate
37131,57,Moderate
27007,57.03,Moderate
55057,57.06,Moderate
46027,57.1,Moderate
47113,57.13,Moderate
47179,57.16,Moderate
53075,57.19,Moderate
51095,57.23,Moderate
18119,57.26,Moderate
8033,57.29,Moderate
48269,57.33,Moderate
37095,57.36,Moderate
20029,57.39,Moderate
29219,57.42,Moderate
21209,57.46,Moderate
51740,57.49,Moderate
36049,57.52,Moderate
4012,57.56,Moderate
22083,57.59,Moderate
22125,57.62,Moderate
22061,57.65,Moderate
29221,57.69,Moderate
17077,57.72,Moderate
5121,57.75,Moderate
22123,57.79,Moderate
42073,57.82,Moderate
55105,57.85,Moderate
40097,57.88,Moderate
8093,57.92,Moderate
5039,57.95,Moderate
49051,57.98,Moderate
18051,58.02,Moderate
51143,58.05,Moderate
15007,58.08,Moderate
13077,58.11,Moderate
51097,58.15,Moderate
48459,58.18,Moderate
20065,58.21,Moderate
48145,58.25,Moderate
5067,58.28,Moderate
35019,58.31,Moderate
2068,58.34,Moderate
18137,58.38,Moderate
39135,58.41,Moderate
31131,58.44,Moderate
29081,58.48,Moderate
51075,58.51,Moderate
13021,58.54,Moderate
19017,58.57,Moderate
29129,58.61,Moderate
38077,58.64,Moderate
27071,58.67,Moderate
38053,58.71,Moderate
48289,58.74,Moderate
47181,58.77,Moderate
2020,58.8,Moderate
40099,58.84,Moderate
31153,58.87,Moderate
19177,58.9,Moderate
5103,58.94,Moderate
37013,58.97,Moderate
13075,59,Moderate
18135,59.03,Moderate
41009,59.07,Moderate
48475,59.1,Moderate
42057,59.13,Moderate
17095,59.17,Moderate
5017,59.2,Moderate
47027,59.23,Moderate
19155,59.26,Moderate
13045,59.3,Moderate
55111,59.33,Moderate
39011,59.36,Moderate
39047,59.4,Moderate
17037,59.43,Moderate
51650,59.46,Moderate
13315,59.49,Moderate
55113,59.53,Moderate
13213,59.56,Moderate
13013,59.59,Moderate
21073,59.63,Moderate
47063,59.66,Moderate
20115,59.69,Moderate
40037,59.72,Moderate
37111,59.76,Moderate
47145,59.79,Moderate
17055,59.82,Moderate
41017,59.86,Moderate
20121,59.89,Moderate
18087,59.92,Moderate
38083,59.95,Moderate
39053,59.99,Moderate
18079,60.02,Moderate
40113,60.05,Moderate
18047,60.09,Moderate
27097,60.12,Moderate
13095,60.15,Moderate
56023,60.18,Moderate
21103,60.22,Moderate
13263,60.25,Moderate
13205,60.28,Moderate
8037,60.32,Moderate
30053,60.35,Moderate
51111,60.38,Moderate
20205,60.41,Moderate
29031,60.45,Moderate
38039,60.48,Moderate
18023,60.51,Moderate
22097,60.55,Moderate
18063,60.58,Moderate
21069,60.61,Moderate
53009,60.64,Moderate
18013,60.68,Moderate
5033,60.71,Moderate
29119,60.74,Moderate
26029,60.78,Moderate
17091,60.81,Moderate
28009,60.84,Moderate
51083,60.87,Moderate
31105,60.91,Moderate
36023,60.94,Moderate
18043,60.97,Moderate
31135,61.01,Moderate
13073,61.04,Moderate
21013,61.07,Moderate
12107,61.1,Moderate
37107,61.14,Moderate
39143,61.17,Moderate
28107,61.2,Moderate
12061,61.24,Moderate
36003,61.27,Moderate
48461,61.3,Moderate
22127,61.33,Moderate
13055,61.37,Moderate
41065,61.4,Moderate
27035,61.43,Moderate
17011,61.47,Moderate
31123,61.5,Moderate
48131,61.53,Moderate
13173,61.56,Moderate
39121,61.6,Moderate
32009,61.63,Moderate
36039,61.66,Moderate
23025,61.7,Moderate
17185,61.73,Moderate
24023,61.76,Moderate
48381,61.79,Moderate
1129,61.83,Moderate
26055,61.86,Moderate
40125,61.89,Moderate
26133,61.93,Moderate
29055,61.96,Moderate
53037,61.99,Moderate
18059,62.02,Moderate
31025,62.06,Moderate
45089,62.09,Moderate
41059,62.12,Moderate
29097,62.16,Moderate
39037,62.19,Moderate
48349,62.22,Moderate
45055,62.25,Moderate
13187,62.29,Moderate
40055,62.32,Moderate
42061,62.35,Moderate
30055,62.39,Moderate
51005,62.42,Moderate
22023,62.45,Moderate
1081,62.48,Moderate
27017,62.52,Moderate
22009,62.55,Moderate
20167,62.58,Moderate
48493,62.61,Moderate
48199,62.65,Moderate
40013,62.68,Moderate
18177,62.71,Moderate
5129,62.75,Moderate
22027,62.78,Moderate
47147,62.81,Moderate
28027,62.84,Moderate
48469,62.88,Moderate
18163,62.91,Moderate
27041,62.94,Moderate
39031,62.98,Moderate
48451,63.01,Moderate
42099,63.04,Moderate
17013,63.07,Moderate
20087,63.11,Moderate
38013,63.14,Moderate
18121,63.17,Moderate
42065,63.21,Moderate
37123,63.24,Moderate
48373,63.27,Moderate
5079,63.3,Moderate
13059,63.34,Moderate
47171,63.37,Moderate
5031,63.4,Moderate
19143,63.44,Moderate
27085,63.47,Moderate
18093,63.5,Moderate
39033,63.53,Moderate
51183,63.57,Moderate
27099,63.6,Moderate
48415,63.63,Moderate
26135,63.67,Moderate
42113,63.7,Moderate
46095,63.73,Moderate
8019,63.76,Moderate
54003,63.8,Moderate
26035,63.83,Moderate
32033,63.86,Moderate
39043,63.9,Moderate
28051,63.93,Moderate
37065,63.96,Moderate
31053,63.99,Moderate
42047,64.03,Moderate
27045,64.06,Moderate
5095,64.09,Moderate
42121,64.13,Moderate
48343,64.16,Moderate
49053,64.19,Moderate
48365,64.22,Moderate
37031,64.26,Moderate
49049,64.29,Moderate
42001,64.32,Moderate
40031,64.36,Moderate
26137,64.39,Moderate
19023,64.42,Moderate
13153,64.45,Moderate
48209,64.49,Moderate
36019,64.52,Moderate
48279,64.55,Moderate
20059,64.59,Moderate
22075,64.62,Moderate
22077,64.65,Moderate
17141,64.68,Moderate
48427,64.72,Moderate
17103,64.75,Moderate
45073,64.78,Moderate
21161,64.82,Moderate
48313,64.85,Moderate
15001,64.88,Moderate
46137,64.91,Moderate
36033,64.95,Moderate
45047,64.98,Moderate
17153,65.01,Moderate
27165,65.05,Moderate
12065,65.08,Moderate
24013,65.11,Moderate
26089,65.14,Moderate
5009,65.18,Moderate
37169,65.21,Moderate
27087,65.24,Moderate
20095,65.28,Moderate
48205,65.31,Moderate
39109,65.34,Moderate
55083,65.37,Moderate
36085,65.41,Moderate
51590,65.44,Moderate
47057,65.47,Moderate
23003,65.51,Moderate
28071,65.54,Moderate
78030,65.57,Moderate
33007,65.6,Moderate
18171,65.64,Moderate
48449,65.67,Moderate
35043,65.7,Moderate
31075,65.74,Moderate
55139,65.77,Moderate
51081,65.8,Moderate
10001,65.83,Moderate
45027,65.87,Moderate
21185,65.9,Moderate
29053,65.93,Moderate
22055,65.97,Moderate
27111,66,Moderate
26047,66.03,Moderate
39129,66.06,Moderate
51036,66.1,Moderate
8069,66.13,Moderate
40117,66.16,Moderate
37133,66.2,Moderate
34011,66.23,Moderate
5035,66.26,Moderate
4027,66.29,Moderate
53021,66.33,Moderate
28005,66.36,Moderate
22049,66.39,Moderate
17049,66.43,Moderate
1015,66.46,Moderate
42031,66.49,Moderate
5149,66.52,Moderate
20085,66.56,Moderate
39059,66.59,Moderate
18143,66.62,Moderate
27025,66.66,Moderate
21153,66.69,Moderate
26039,66.72,Moderate
41003,66.75,Moderate
54029,66.79,Moderate
37027,66.82,Moderate
18073,66.85,Moderate
48227,66.89,Moderate
49011,66.92,Moderate
38065,66.95,Moderate
23027,66.98,Moderate
30029,67.02,Moderate
38099,67.05,Moderate
25015,67.08,Moderate
1115,67.12,Moderate
39087,67.15,Moderate
27151,67.18,Moderate
26107,67.21,Moderate
12023,67.25,Moderate
21095,67.28,Moderate
13139,67.31,Moderate
54073,67.35,Moderate
28145,67.38,Moderate
12091,67.41,Moderate
26101,67.44,Moderate
54041,67.48,Moderate
18173,67.51,Moderate
21205,67.54,Moderate
5029,67.58,Moderate
1055,67.61,Moderate
54031,67.64,Moderate
45039,67.67,Moderate
50021,67.71,Moderate
8035,67.74,Moderate
26149,67.77,Moderate
21015,67.81,Moderate
28119,67.84,Moderate
50023,67.87,Moderate
23029,67.9,Moderate
28067,67.94,Moderate
5097,67.97,Moderate
28163,68,Moderate
12005,68.04,Moderate
48181,68.07,Moderate
37161,68.1,Moderate
37167,68.13,Moderate
26127,68.17,Moderate
48383,68.2,Moderate
39063,68.23,Moderate
37049,68.27,Moderate
18077,68.3,Moderate
39013,68.33,Moderate
23013,68.36,Moderate
27021,68.4,Moderate
37115,68.43,Moderate
16035,68.46,Moderate
28085,68.5,Moderate
13141,68.53,Moderate
51171,68.56,Moderate
27061,68.59,Moderate
53031,68.63,Moderate
6031,68.66,Moderate
29159,68.69,Moderate
6021,68.73,Moderate
47125,68.76,Moderate
21047,68.79,Moderate
55075,68.82,Moderate
48187,68.86,Moderate
26165,68.89,Moderate
40127,68.92,Moderate
39001,68.96,Moderate
37069,68.99,Moderate
28133,69.02,Moderate
40015,69.05,Moderate
51165,69.09,Moderate
20093,69.12,Moderate
5025,69.15,Moderate
45071,69.19,Moderate
51047,69.22,Moderate
38047,69.25,Moderate
40017,69.28,Moderate
13245,69.32,Moderate
36053,69.35,Moderate
45075,69.38,Moderate
51007,69.42,Moderate
54089,69.45,Moderate
15009,69.48,Moderate
37195,69.51,Moderate
37007,69.55,Moderate
44009,69.58,Moderate
5003,69.61,Moderate
18109,69.65,Moderate
5091,69.68,Moderate
46091,69.71,Moderate
48231,69.74,Moderate
33001,69.78,Moderate
21089,69.81,Moderate
51163,69.84,Moderate
27119,69.88,Moderate
50015,69.91,Moderate
2090,69.94,Moderate
17113,69.97,Moderate
29225,70.01,Moderate
22095,70.04,Moderate
12017,70.07,Moderate
47149,70.11,Moderate
18053,70.14,Moderate
1077,70.17,Moderate
21127,70.2,Moderate
36035,70.24,Moderate
39171,70.27,Moderate
18033,70.3,Moderate
48397,70.34,Moderate
55025,70.37,Moderate
54083,70.4,Moderate
41039,70.43,Moderate
26123,70.47,Moderate
39103,70.5,Moderate
13099,70.53,Moderate
18113,70.57,Moderate
37155,70.6,Moderate
25011,70.63,Moderate
38091,70.66,Moderate
42037,70.7,Moderate
26073,70.73,Moderate
37079,70.76,Moderate
26103,70.8,Moderate
51620,70.83,Moderate
29165,70.86,Moderate
1127,70.89,Moderate
39071,70.93,Moderate
48467,70.96,Moderate
18103,70.99,Moderate
55073,71.02,Moderate
28029,71.06,Moderate
47001,71.09,Moderate
50003,71.12,Moderate
17179,71.16,Moderate
37015,71.19,Moderate
16055,71.22,Moderate
51069,71.25,Moderate
39023,71.29,Moderate
51037,71.32,Moderate
48083,71.35,Moderate
22037,71.39,Moderate
5133,71.42,Moderate
51115,71.45,Moderate
48047,71.48,Moderate
13007,71.52,Moderate
8045,71.55,Moderate
13097,71.58,Moderate
8079,71.62,Moderate
40153,71.65,Moderate
2170,71.68,Moderate
48137,71.71,Moderate
1003,71.75,Moderate
53019,71.78,Moderate
6035,71.81,Moderate
39115,71.85,Moderate
45057,71.88,Moderate
44005,71.91,Moderate
51187,71.94,Moderate
38017,71.98,Moderate
16049,72.01,Moderate
53077,72.04,Moderate
29071,72.08,Moderate
40079,72.11,Moderate
22111,72.14,Moderate
48293,72.17,Moderate
27089,72.21,Moderate
17019,72.24,Moderate
37125,72.27,Moderate
45023,72.31,Moderate
55127,72.34,Moderate
39111,72.37,Moderate
49057,72.4,Moderate
28057,72.44,Moderate
20137,72.47,Moderate
47011,72.5,Moderate
28113,72.54,Moderate
28015,72.57,Moderate
9013,72.6,Moderate
22043,72.63,Moderate
22007,72.67,Moderate
48257,72.7,Moderate
12013,72.73,Moderate
37011,72.77,Moderate
42055,72.8,Moderate
39173,72.83,Moderate
5053,72.86,Moderate
42025,72.9,Moderate
21193,72.93,Moderate
54077,72.96,Moderate
8121,73,Moderate
48071,73.03,Moderate
1037,73.06,Moderate
31023,73.09,Moderate
45003,73.13,Moderate
22073,73.16,Moderate
17063,73.19,Moderate
51155,73.23,Moderate
39065,73.26,Moderate
5115,73.29,Moderate
18117,73.32,Moderate
13115,73.36,Moderate
22003,73.39,Moderate
48395,73.42,Moderate
39147,73.46,Moderate
5027,73.49,Moderate
18015,73.52,Moderate
42039,73.55,Moderate
24043,73.59,Moderate
28115,73.62,Moderate
30047,73.65,Moderate
42083,73.69,Moderate
21135,73.72,Moderate
38079,73.75,Moderate
48367,73.78,Moderate
48361,73.82,Moderate
27001,73.85,Moderate
48391,73.88,Moderate
39081,73.92,Moderate
51063,73.95,Moderate
39167,73.98,Moderate
39019,74.01,Moderate
17101,74.05,Moderate
36047,74.08,Moderate
26059,74.11,Moderate
49043,74.15,Moderate
47123,74.18,Moderate
9005,74.21,Moderate
13223,74.24,Moderate
39131,74.28,Moderate
36007,74.31,Moderate
36089,74.34,Moderate
42013,74.38,Moderate
36005,74.41,Moderate
37035,74.44,Moderate
26057,74.47,Moderate
47187,74.51,Moderate
26015,74.54,Moderate
6047,74.57,Moderate
1117,74.61,Moderate
36025,74.64,Moderate
5007,74.67,Moderate
26045,74.7,Moderate
26023,74.74,Moderate
42111,74.77,Moderate
48485,74.8,Moderate
30075,74.84,Moderate
48033,74.87,Moderate
37077,74.9,Moderate
48347,74.93,Moderate
45077,74.97,Moderate
41043,75,Moderate
54001,75.03,Moderate
33017,75.07,Moderate
42123,75.1,Moderate
9015,75.13,Moderate
40121,75.16,Moderate
31021,75.2,Moderate
28143,75.23,Moderate
51031,75.26,Moderate
78020,75.3,Moderate
51177,75.33,Moderate
37097,75.36,Moderate
37127,75.39,Moderate
39139,75.43,Moderate
51085,75.46,Moderate
13241,75.49,Moderate
38021,75.53,Moderate
54103,75.56,Moderate
21037,75.59,Moderate
22089,75.62,Moderate
29143,75.66,Moderate
20157,75.69,Moderate
34033,75.72,Moderate
39163,75.76,Moderate
54025,75.79,Moderate
21133,75.82,Moderate
12089,75.85,Moderate
54095,75.89,Moderate
29145,75.92,Moderate
54091,75.95,Moderate
37157,75.99,Moderate
38041,76.02,Moderate
8053,76.05,Moderate
20053,76.08,Moderate
39157,76.12,Moderate
5057,76.15,Moderate
48089,76.18,Moderate
27147,76.22,Moderate
37039,76.25,Moderate
42115,76.28,Moderate
37057,76.31,Moderate
55053,76.35,Moderate
48005,76.38,Moderate
47165,76.41,Moderate
54027,76.45,Moderate
20177,76.48,Moderate
48251,76.51,Moderate
42005,76.54,Moderate
37085,76.58,Moderate
37109,76.61,Moderate
53011,76.64,Moderate
5117,76.68,Moderate
50007,76.71,Moderate
18019,76.74,Moderate
42027,76.77,Moderate
1043,76.81,Moderate
42117,76.84,Moderate
42085,76.87,Moderate
51700,76.91,Moderate
48389,76.94,Moderate
29077,76.97,Moderate
55123,77,Moderate
17163,77.04,Moderate
28001,77.07,Moderate
55141,77.1,Moderate
51125,77.14,Moderate
42035,77.17,Moderate
37019,77.2,Moderate
50001,77.23,Moderate
5093,77.27,Moderate
20069,77.3,Moderate
26155,77.33,Moderate
48203,77.37,Moderate
51169,77.4,Moderate
42097,77.43,Moderate
28037,77.46,Moderate
23007,77.5,Moderate
28083,77.53,Moderate
48311,77.56,Moderate
51550,77.6,Moderate
48377,77.63,Moderate
37171,77.66,Moderate
21119,77.69,Moderate
54105,77.73,Moderate
36097,77.76,Moderate
51197,77.79,Moderate
22115,77.83,Moderate
50017,77.86,Moderate
48479,77.89,Moderate
25003,77.92,Moderate
39069,77.96,Moderate
26037,77.99,Moderate
12035,78.02,Moderate
23023,78.06,Moderate
5109,78.09,Moderate
36031,78.12,Moderate
37045,78.15,Moderate
28151,78.19,Moderate
18081,78.22,Moderate
38095,78.25,Moderate
18085,78.29,Moderate
33003,78.32,Moderate
46089,78.35,Moderate
55089,78.38,Moderate
38025,78.42,Moderate
5045,78.45,Moderate
45051,78.48,Moderate
20039,78.52,Moderate
56029,78.55,Moderate
45091,78.58,Moderate
51067,78.61,Moderate
24001,78.65,Moderate
48261,78.68,Moderate
34009,78.71,Moderate
44003,78.75,Moderate
47073,78.78,Moderate
51760,78.81,Moderate
18157,78.84,Moderate
48213,78.88,Moderate
54021,78.91,Moderate
48001,78.94,Moderate
37023,78.98,Moderate
55085,79.01,Moderate
21189,79.04,Moderate
12033,79.07,Moderate
5099,79.11,Moderate
48043,79.14,Moderate
36013,79.17,Moderate
13151,79.2,Moderate
37101,79.24,Moderate
17167,79.27,Moderate
22013,79.3,Moderate
40001,79.34,Moderate
48419,79.37,Moderate
51680,79.4,Moderate
30109,79.43,Moderate
36081,79.47,Moderate
39119,79.5,Moderate
22091,79.53,Moderate
26139,79.57,Moderate
26017,79.6,Moderate
26067,79.63,Moderate
54009,79.66,Moderate
30079,79.7,Moderate
30083,79.73,Moderate
55101,79.76,Moderate
42053,79.8,Moderate
21063,79.83,Moderate
42103,79.86,Moderate
42081,79.89,Moderate
39105,79.93,Moderate
51061,79.96,Moderate
55131,79.99,Moderate
40041,80.03,Moderate
39169,80.06,Moderate
49005,80.09,Moderate
45059,80.12,Moderate
26143,80.16,Moderate
39073,80.19,Moderate
46125,80.22,Moderate
5013,80.26,Moderate
5143,80.29,Moderate
48329,80.32,Moderate
54075,80.35,Moderate
13215,80.39,Moderate
48309,80.42,Moderate
29099,80.45,Moderate
17111,80.49,Moderate
37151,80.52,Moderate
33013,80.55,Moderate
22047,80.58,Moderate
46063,80.62,Moderate
22035,80.65,Moderate
39079,80.68,Moderate
20191,80.72,Moderate
36113,80.75,Moderate
31015,80.78,Moderate
39067,80.81,Moderate
31005,80.85,Moderate
13057,80.88,Moderate
28055,80.91,Moderate
37179,80.95,Moderate
20209,80.98,Moderate
28033,81.01,Moderate
20163,81.04,Moderate
48067,81.08,Moderate
26013,81.11,Moderate
36057,81.14,Moderate
33009,81.18,Moderate
42131,81.21,Moderate
26117,81.24,Moderate
48457,81.27,Moderate
26011,81.31,Moderate
36115,81.34,Moderate
1125,81.37,Moderate
42009,81.41,Moderate
13285,81.44,Moderate
54061,81.47,Moderate
18095,81.5,Moderate
41047,81.54,Moderate
8013,81.57,Moderate
48471,81.6,Moderate
53029,81.64,Moderate
22119,81.67,Moderate
22063,81.7,Moderate
19113,81.73,Moderate
26129,81.77,Moderate
27037,81.8,Moderate
42105,81.83,Moderate
2122,81.87,Moderate
1101,81.9,Moderate
39145,81.93,Moderate
48017,81.96,Moderate
51153,82,Moderate
41029,82.03,Moderate
24015,82.06,Moderate
37051,82.1,Moderate
28063,82.13,Moderate
5131,82.16,Moderate
36063,82.19,Moderate
46099,82.23,Moderate
18105,82.26,Moderate
42019,82.29,Moderate
45015,82.33,Moderate
42127,82.36,Moderate
48455,82.39,Moderate
23001,82.42,Moderate
36043,82.46,Moderate
40093,82.49,Moderate
48173,82.52,Moderate
39141,82.56,Moderate
54069,82.59,Moderate
39029,82.62,Moderate
17089,82.65,Moderate
5125,82.69,Moderate
36101,82.72,Moderate
54097,82.75,Moderate
39055,82.79,Moderate
35013,82.82,Moderate
42051,82.85,Moderate
36021,82.88,Moderate
51021,82.92,Moderate
50027,82.95,Moderate
23015,82.98,Moderate
17119,83.02,Moderate
12087,83.05,Moderate
12053,83.08,Moderate
5069,83.11,Moderate
47009,83.15,Moderate
39057,83.18,Moderate
26069,83.21,Moderate
28157,83.25,Moderate
22081,83.28,Moderate
41071,83.31,Moderate
39165,83.34,Moderate
28003,83.38,Moderate
29047,83.41,Moderate
54085,83.44,Moderate
51510,83.48,Moderate
46071,83.51,Moderate
45013,83.54,Moderate
4017,83.57,Moderate
46031,83.61,Moderate
55055,83.64,Moderate
47163,83.67,Moderate
42033,83.71,Moderate
4007,83.74,Moderate
39127,83.77,Moderate
51710,83.8,Moderate
9011,83.84,Moderate
20173,83.87,Moderate
48431,83.9,Moderate
18091,83.94,Moderate
6063,83.97,Moderate
47155,84,Moderate
37147,84.03,Moderate
26121,84.07,Moderate
1089,84.1,Moderate
38005,84.13,Moderate
51161,84.17,Moderate
39133,84.2,Moderate
39155,84.23,Moderate
36083,84.26,Moderate
27043,84.3,Moderate
23011,84.33,Moderate
13251,84.36,Moderate
24025,84.4,Moderate
27149,84.43,Moderate
26051,84.46,Moderate
39093,84.49,Moderate
20153,84.53,Moderate
22011,84.56,Moderate
26077,84.59,Moderate
46105,84.63,Moderate
21159,84.66,Moderate
48051,84.69,Moderate
36079,84.72,Moderate
42043,84.76,Moderate
37129,84.79,Moderate
39015,84.82,Moderate
42015,84.86,Moderate
48135,84.89,Moderate
48073,84.92,Moderate
42063,84.95,Moderate
51009,84.99,Moderate
37159,85.02,Moderate
17143,85.05,Moderate
6045,85.09,Moderate
48303,85.12,Moderate
17201,85.15,Moderate
5051,85.18,Moderate
6043,85.22,Moderate
4025,85.25,Moderate
46059,85.28,Moderate
37025,85.32,Moderate
48371,85.35,Moderate
42069,85.38,Moderate
13123,85.41,Moderate
29183,85.45,Moderate
36075,85.48,Moderate
51045,85.51,Moderate
28017,85.55,Moderate
51035,85.58,Moderate
51013,85.61,Moderate
22029,85.64,Moderate
12019,85.68,Moderate
21071,85.71,Moderate
26065,85.74,Moderate
26157,85.78,Moderate
36093,85.81,Moderate
21117,85.84,Moderate
39017,85.87,Moderate
36105,85.91,Moderate
54107,85.94,Moderate
27163,85.97,Moderate
30011,86.01,Moderate
35041,86.04,Moderate
38067,86.07,Moderate
18035,86.1,Moderate
6033,86.14,Moderate
37135,86.17,Moderate
21067,86.2,Moderate
34001,86.24,Moderate
39007,86.27,Moderate
27055,86.3,Moderate
51121,86.33,Moderate
53065,86.37,Moderate
18039,86.4,Moderate
26001,86.43,Moderate
17015,86.47,Moderate
48291,86.5,Moderate
17097,86.53,Moderate
12069,86.56,Moderate
54063,86.6,Moderate
17197,86.63,Moderate
8123,86.66,Moderate
28121,86.7,Moderate
24027,86.73,Moderate
27135,86.76,Moderate
8001,86.79,Moderate
42041,86.83,Moderate
12097,86.86,Moderate
21131,86.89,Moderate
53073,86.93,Moderate
26145,86.96,Moderate
20133,86.99,Moderate
42107,87.02,Moderate
50009,87.06,Moderate
39089,87.09,Moderate
42079,87.12,Moderate
21025,87.16,Moderate
39041,87.19,Moderate
18057,87.22,Moderate
23031,87.25,Moderate
16001,87.29,Moderate
26025,87.32,Moderate
39009,87.35,Moderate
51089,87.39,Moderate
48139,87.42,Moderate
54049,87.45,Moderate
18127,87.48,Moderate
48379,87.52,Moderate
51071,87.55,Moderate
28089,87.58,Moderate
12085,87.61,Moderate
40059,87.65,Moderate
20113,87.68,Moderate
4021,87.71,Moderate
26159,87.75,Moderate
54053,87.78,Moderate
22085,87.81,Moderate
51077,87.84,Moderate
55059,87.88,Moderate
39099,87.91,Moderate
46045,87.94,Moderate
27029,87.98,Moderate
54047,88.01,Moderate
6103,88.04,Moderate
54055,88.07,Moderate
54017,88.11,Moderate
16015,88.14,Moderate
22103,88.17,Moderate
45087,88.21,Moderate
51051,88.24,Moderate
54013,88.27,Moderate
48401,88.3,Moderate
45063,88.34,Moderate
37071,88.37,Moderate
48037,88.4,Moderate
24021,88.44,Moderate
26111,88.47,Moderate
51185,88.5,Moderate
12111,88.53,Moderate
51173,88.57,Moderate
54007,88.6,Moderate
37037,88.63,Moderate
28021,88.67,Moderate
53061,88.7,Moderate
34015,88.73,Moderate
48027,88.76,Moderate
26075,88.8,Moderate
42059,88.83,Moderate
54067,88.86,Moderate
35011,88.9,Moderate
22069,88.93,Moderate
20023,88.96,Moderate
22109,88.99,Moderate
36087,89.03,Moderate
42021,89.06,Moderate
54081,89.09,Moderate
51023,89.13,Moderate
22031,89.16,Moderate
19153,89.19,Moderate
51107,89.22,Moderate
23017,89.26,Moderate
53057,89.29,Moderate
50025,89.32,Moderate
10005,89.36,Moderate
17159,89.39,Moderate
42089,89.42,Moderate
20151,89.45,Moderate
13051,89.49,Moderate
51003,89.52,Moderate
54109,89.55,Moderate
31117,89.59,Moderate
51141,89.62,Moderate
51167,89.65,Moderate
22057,89.68,Moderate
36065,89.72,Moderate
51750,89.75,Moderate
51019,89.78,Moderate
54033,89.82,Moderate
47103,89.85,Moderate
25025,89.88,Moderate
36055,89.91,Moderate
55125,89.95,Moderate
25013,89.98,Moderate
33015,90.01,Moderate
6003,90.05,Moderate
26005,90.08,Moderate
37001,90.11,Moderate
54019,90.14,Moderate
34037,90.18,Moderate
12109,90.21,Moderate
45007,90.24,Moderate
6025,90.28,Moderate
27011,90.31,Moderate
48185,90.34,Moderate
54079,90.37,Moderate
22005,90.41,Moderate
27137,90.44,Moderate
6039,90.47,Moderate
5139,90.51,Moderate
31107,90.54,Moderate
51195,90.57,Moderate
26063,90.6,Moderate
39085,90.64,Moderate
51770,90.67,Moderate
48407,90.7,Moderate
26093,90.74,Moderate
39045,90.77,Moderate
12083,90.8,Moderate
23021,90.83,Moderate
26151,90.87,Moderate
22079,90.9,Moderate
8041,90.93,Moderate
8005,90.97,Moderate
51191,91,Moderate
33011,91.03,Moderate
17043,91.06,Moderate
51027,91.1,Moderate
12117,91.13,Moderate
12001,91.16,Moderate
1095,91.2,Moderate
13063,91.23,Moderate
29189,91.26,Moderate
26087,91.29,Moderate
54035,91.33,Moderate
54101,91.36,Moderate
36001,91.39,Moderate
27015,91.43,Moderate
27123,91.46,Moderate
18003,91.49,Moderate
30019,91.52,Moderate
22025,91.56,Moderate
42071,91.59,Moderate
25005,91.62,Moderate
6115,91.66,Moderate
23009,91.69,Moderate
42095,91.72,Moderate
48121,91.75,Moderate
53047,91.79,Moderate
48061,91.82,Moderate
12015,91.85,Moderate
6079,91.89,Moderate
21195,91.92,Moderate
45019,91.95,Moderate
54051,91.98,Moderate
22015,92.02,Moderate
45083,92.05,Moderate
6005,92.08,Moderate
39025,92.12,Moderate
42077,92.15,Moderate
48235,92.18,Major
31055,92.21,Major
20091,92.25,Major
26115,92.28,Major
45079,92.31,Major
6051,92.35,Major
6077,92.38,Major
54045,92.41,Major
6023,92.44,Major
34041,92.48,Major
39151,92.51,Major
39095,92.54,Major
8059,92.58,Major
48481,92.61,Major
41067,92.64,Major
23019,92.67,Major
54011,92.71,Major
48473,92.74,Major
53067,92.77,Major
35001,92.81,Major
6041,92.84,Major
54087,92.87,Major
34021,92.9,Major
18141,92.94,Major
34035,92.97,Major
6113,93,Major
38087,93.04,Major
48183,93.07,Major
13067,93.1,Major
10003,93.13,Major
36067,93.17,Major
12073,93.2,Major
42125,93.23,Major
36091,93.27,Major
9009,93.3,Major
11001,93.33,Major
39113,93.36,Major
26147,93.4,Major
55133,93.43,Major
6075,93.46,Major
42049,93.5,Major
34031,93.53,Major
42129,93.56,Major
51810,93.59,Major
48167,93.63,Major
36041,93.66,Major
32031,93.69,Major
9003,93.73,Major
25021,93.76,Major
18089,93.79,Major
9001,93.82,Major
54059,93.86,Major
24003,93.89,Major
6009,93.92,Major
28149,93.96,Major
48245,93.99,Major
34019,94.02,Major
44007,94.05,Major
42133,94.09,Major
48351,94.12,Major
25001,94.15,Major
54005,94.19,Major
53035,94.22,Major
6107,94.25,Major
28013,94.28,Major
26049,94.32,Major
36071,94.35,Major
48423,94.38,Major
51041,94.42,Major
36119,94.45,Major
48355,94.48,Major
36027,94.51,Major
41005,94.55,Major
48015,94.58,Major
6091,94.61,Major
22019,94.65,Major
12081,94.68,Major
37067,94.71,Major
1097,94.74,Major
22105,94.78,Major
37063,94.81,Major
25023,94.84,Major
22107,94.88,Major
53063,94.91,Major
6053,94.94,Major
29095,94.97,Major
42011,95.01,Major
24031,95.04,Major
48141,95.07,Major
36061,95.11,Major
25009,95.14,Major
4019,95.17,Major
40143,95.2,Major
48325,95.24,Major
24033,95.27,Major
39153,95.3,Major
37021,95.34,Major
34007,95.37,Major
51059,95.4,Major
29510,95.43,Major
53069,95.47,Major
72031,95.5,Major
36111,95.53,Major
51087,95.57,Major
23005,95.6,Major
48301,95.63,Major
1069,95.66,Major
34039,95.7,Major
45045,95.73,Major
53053,95.76,Major
6055,95.8,Major
24510,95.83,Major
48085,95.86,Major
31051,95.89,Major
12101,95.93,Major
13135,95.96,Major
6095,95.99,Major
34005,96.02,Major
37081,96.06,Major
48491,96.09,Major
42045,96.12,Major
26027,96.16,Major
6019,96.19,Major
54099,96.22,Major
8031,96.25,Major
48103,96.29,Major
42003,96.32,Major
26081,96.35,Major
1073,96.39,Major
49035,96.42,Major
6083,96.45,Major
12105,96.48,Major
51600,96.52,Major
5119,96.55,Major
48039,96.58,Major
22017,96.62,Major
41051,96.65,Major
21111,96.68,Major
6061,96.71,Major
1019,96.75,Major
48215,96.78,Major
36029,96.81,Major
26161,96.85,Major
15003,96.88,Major
6089,96.91,Major
25027,96.94,Major
6057,96.98,Major
26021,97.01,Major
32003,97.04,Major
28049,97.08,Major
54043,97.11,Major
48157,97.14,Major
40109,97.17,Major
6087,97.21,Major
34027,97.24,Major
51690,97.27,Major
36059,97.31,Major
6029,97.34,Major
42029,97.37,Major
42017,97.4,Major
6109,97.44,Major
24005,97.47,Major
34003,97.5,Major
36103,97.54,Major
12115,97.57,Major
42091,97.6,Major
12095,97.63,Major
6007,97.67,Major
27053,97.7,Major
34023,97.73,Major
51678,97.77,Major
6081,97.8,Major
42101,97.83,Major
55079,97.86,Major
34025,97.9,Major
12127,97.93,Major
12021,97.96,Major
34013,98,Major
47093,98.03,Major
37183,98.06,Major
17031,98.09,Major
34029,98.13,Major
54015,98.16,Major
48453,98.19,Major
39061,98.23,Major
13089,98.26,Major
22033,98.29,Major
25017,98.32,Major
48029,98.36,Major
12009,98.39,Severe
37089,98.42,Severe
18097,98.46,Severe
6013,98.49,Severe
22051,98.52,Severe
48339,98.55,Severe
54039,98.59,Severe
22071,98.62,Severe
47037,98.65,Severe
6017,98.69,Severe
39035,98.72,Severe
12103,98.75,Severe
26099,98.78,Severe
48243,98.82,Severe
12071,98.85,Severe
6001,98.88,Severe
6067,98.92,Severe
4013,98.95,Severe
48439,98.98,Severe
13121,99.01,Severe
72013,99.05,Severe
37119,99.08,Severe
48113,99.11,Severe
6111,99.15,Severe
72113,99.18,Severe
6097,99.21,Severe
39049,99.24,Severe
72021,99.28,Severe
72097,99.31,Severe
53033,99.34,Severe
12057,99.38,Severe
72127,99.41,Severe
6085,99.44,Severe
6073,99.47,Severe
72025,99.51,Severe
12099,99.54,Severe
47157,99.57,Severe
12031,99.61,Severe
26125,99.64,Severe
6065,99.67,Severe
6059,99.7,Severe
6071,99.74,Extreme
51530,99.77,Extreme
12011,99.8,Extreme
48201,99.84,Extreme
56027,99.87,Extreme
26163,99.9,Extreme
12086,99.93,Extreme
51820,99.97,Extreme
6037,100,Extreme